LIST SIZE;TIME TAKEN;STDEV
100;0.0029183s;4.790517125625E12
1000;0.0028238s;4.12592917625E12
10000;0.0089627s;2.924808042E13
100000;0.0655245s;2.7810952682475E15
